Department,Name
Computer Networks,A. Prasad Vinod
Computer Networks,Rajendra Prasad Sirigina
Computer Networks,Mark D. J. Bowyer
Computer Networks,Swaminathan Ramabadran
Computer Networks,Guohua Wang
Computer Networks,Yepuri Sudhakara Rao
Computer Networks,Zheng Hui Ernest Tan
Computer Networks,Anoop Kumar Krishna
Computer Networks,Shubha Sharma
Computer Networks,S. Barman Roy
Computer Networks,Francois P. S. Chin
Computer Networks,Ashish James
Computer Networks,Ponnu Jacob
Computer Networks,Duy Duong Nguyen
Computer Networks,Fumiyuki Adachi
Computer Networks,Ernest Kurniawan
Computer Networks,Surya Dharma Tio
Computer Networks,A. Benjamin Premkumar
Computer Networks,Duc-Minh Pham
Computer Networks,Sudhan Majhi
Computer Networks,Kai Yang
Computer Networks,Xiaoming Peng
Computer Networks,Zhiwei Lin 0001
Computer Graphics,Wenting Dai
Computer Graphics,Abdul Mujeeb
Computer Graphics,Marius Erdt
Computer Graphics,Jian Cui
Computer Graphics,Henry Johan
Computer Graphics,Dieter W. Fellner
Computer Graphics,Xingzi Zhang
Computer Graphics,Olga Sourina
Computer Graphics,Shahzad Rasool
Computer Graphics,Lei Wei 0002
Computer Graphics,Hassan Ugail
Computer Graphics,Konstantin Levinski
Computer Graphics,Qi Liu
Computer Graphics,Alexander A. Pasko
Computer Architecture,Naina Gupta 0001
Computer Architecture,Vikramkumar Pudi
Computer Architecture,Vinay B. Y. Kumar
Computer Architecture,Suman Deb
Computer Architecture,Shivam Bhasin
Computer Architecture,Jawad Haj-Yahya
Computer Architecture,Avi Mendelson
Computer Architecture,Anubhab Baksi
Computer Architecture,Debjyoti Bhattacharjee
Computer Architecture,Yaswanth Tavva
Computer Architecture,Prasanna Ravi
Computer Architecture,Debdeep Mukhopadhyay
Computer Architecture,Srijit Dutta
Computer Architecture,Swaroop Ghosh
Computer Architecture,Mustafa Khairallah
Computer Architecture,Jakub Breier
Computer Architecture,Hafizur Rahaman 0001
Computer Architecture,Mahabir Prasad Jhanwar
Computer Architecture,Subhamoy Maitra
Computer Architecture,Giovanni De Micheli
Computer Architecture,Ming Ming Wong
Computer Architecture,Swagata Mandal
Computer Architecture,Farhad Merchant
Computer Architecture,Tarun Vatwani
Computer Architecture,Soumyendu Raha
Computer Architecture,S. K. Nandy
Computer Architecture,Ranjani Narayan
Computer Architecture,Rainer Leupers
Computer Architecture,Muhammad Hassan
Computer Architecture,Anne Siemon
Computer Architecture,Eike Linn
Computer Architecture,Luca G. Amarù
Computer Architecture,Ayesha Khalid
Computer Architecture,Goutam Paul 0001
Computer Architecture,Gerd Ascheid
Computer Architecture,Chander Chandak
Computer Architecture,Robert Wille
Computer Architecture,Pierre-Emmanuel Gaillardon
Computer Architecture,Zheng Wang 0020
Computer Architecture,Xiaolin Chen
Computer Architecture,Zoltán Endre Rákossy
Computer Architecture,Axel Acosta Aponte
Computer Architecture,David Kammler
Computer Architecture,Ernst Martin Witte
Computer Architecture,Heinrich Meyr
Computer Architecture,Kingshuk Karuri
Computer Architecture,Oliver Schliebusch
Distributed Systems,Silivanxay Phetsouvanh
Distributed Systems,Frédérique E. Oggier
Distributed Systems,Ertem Esiner
Distributed Systems,Tien Tuan Anh Dinh
Distributed Systems,Xin Liu 0027
Distributed Systems,Karl Aberer
Distributed Systems,Krzysztof Rzadca
Distributed Systems,Lichun Li
Distributed Systems,Lluis Pamies-Juarez
Distributed Systems,J. Harshan
Distributed Systems,Sonja Buchegger
Distributed Systems,Jackson Tan Teck Yong
Distributed Systems,Stefano Braghin
Distributed Systems,Kyumars Sheykh Esmaili
Distributed Systems,Chenliang Li
Distributed Systems,Rajesh Sharma
Distributed Systems,Ee-Peng Lim
Distributed Systems,Christian von der Weth
Distributed Systems,Sarunas Girdzijauskas
Distributed Systems,Kuiyu Chang
Distributed Systems,Roman Schmidt
Distributed Systems,Manfred Hauswirth
Data Management,Xiangyu Ke
Data Management,Francesco Bonchi
Data Management,Vijaya Krishna Yalavarthi
Data Management,Nandish Jayaram
Data Management,Chengkai Li
Data Management,Xifeng Yan
Data Management,Ramez Elmasri
Computer Architecture,Hyeonjoong Cho
Computer Architecture,Bai Xue 0001
Computer Architecture,Nitin Shivaraman
Computer Architecture,Sebastian Steinhorst
Computer Architecture,Saravanan Ramanathan
Computer Architecture,Xiaozhe Gu
Computer Architecture,Sidharta Andalam
Computer Architecture,Kieu-My Phan
Computer Architecture,Insik Shin
Computer Architecture,Insup Lee
Computer Architecture,Daniel Jun Xian Ng
Computer Architecture,Karthik Thangamariappan
Computer Architecture,Jinkyu Lee 0001
Computer Architecture,Oleg Sokolsky
Computer Architecture,Björn Andersson
AI/ML,Yanhai Xiong
AI/ML,Wanyuan Wang
AI/ML,Yichuan Jiang
AI/ML,Mengchen Zhao
AI/ML,Jiuchuan Jiang
AI/ML,Youzhi Zhang 0001
AI/ML,Xinrun Wang
AI/ML,Lei Feng
AI/ML,Xu He
AI/ML,Runsheng Yu
AI/ML,Rundong Wang
AI/ML,Bo Han 0003
AI/ML,Gang Niu 0001
AI/ML,Branislav Bosanský
AI/ML,Qingyu Guo
AI/ML,Haipeng Chen 0001
AI/ML,Milind Tambe
AI/ML,Jiang Rong
AI/ML,Tao Qin
AI/ML,Long Tran-Thanh
AI/ML,Nicholas R. Jennings
AI/ML,Jiarui Gan
AI/ML,Fei Fang
AI/ML,Yue Yin
AI/ML,Yevgeniy Vorobeychik
AI/ML,Christopher Kiekintveld
AI/ML,Nicola Gatti 0001
AI/ML,Victor R. Lesser
AI/ML,Manish Jain
AI/ML,Eric Shieh
AI/ML,Kwang Mong Sim
AI/ML,Lianggui Tang
AI/ML,Daijie Cheng
Computer Vision,Xiangxi Shi
Computer Vision,Jiuxiang Gu
Computer Vision,Guoxian Song
Computer Vision,Haitao Liu
Computer Vision,Juyong Zhang
Computer Vision,Zhonghua Wu
Computer Vision,Qingyi Tao
Computer Vision,Junsong Yuan
Computer Vision,Xu Yang
Computer Vision,Nadia Magnenat-Thalmann
Computer Vision,Tianyi Zhang 0004
Computer Vision,Alex C. Kot
Computer Vision,Handong Zhao
Computer Vision,Zhiwen Shao
Computer Vision,Lizhuang Ma
Computer Vision,Zhilei Liu
Computer Vision,Koteswar Rao Jerripothula
Computer Vision,Jiangbo Lu
Computer Vision,Teng Deng
Computer Vision,Yi Wang
Computer Vision,Vladimir Pavlovic
Computer Vision,King Ngi Ngan
Computer Vision,Li Niu 0002
Computer Vision,Hao Yang
Computer Vision,Chuanxia Zheng
Computer Vision,Qi Duan
Computer Vision,Gang Wang 0012
Computer Vision,Chuan Heng Foh
Computer Vision,Hongliang Li
Computer Vision,Fanman Meng
Computer Vision,Anran Wang 0001
Computer Vision,Jiwen Lu
Computer Vision,Li Niu
Computer Vision,Chongyu Chen
Computer Vision,Guangming Shi
Computer Vision,Haifeng Lu
Computer Vision,Joey Tianyi Zhou
Computer Vision,Hongyuan Zhu
Computer Vision,Yu Zhang 0004
Computer Vision,Jianxin Wu
Computer Vision,Ming Yang
Computer Vision,Jalaluddin Qureshi
Computer Vision,Thi Nhat Anh Nguyen
Computer Vision,Tiantian Guo
Computer Vision,Deyun Gao
Computer Vision,Wei Guan
Computer Vision,Wenxian Yang
Computer Vision,Guangtao Zhai
Computer Vision,Xiaokang Yang
Computer Vision,Wenjun Zhang 0001
Computer Vision,Chang Wen Chen
Computer Vision,Jianhua Wu 0003
Computer Vision,Dayong Tao
Computer Vision,Zhihai He
Distributed Systems,Yusen Li
Distributed Systems,Xiaoguang Liu
Distributed Systems,Gang Wang 0001
Distributed Systems,Masatoshi Hanai
Distributed Systems,Georgios Theodoropoulos 0001
Distributed Systems,Jiajian Xiao
Distributed Systems,Philipp Andelfinger
Distributed Systems,Alois C. Knoll
Distributed Systems,David Eckhoff
Distributed Systems,Linbo Luo
Distributed Systems,Xiangting Hou
Distributed Systems,Jinghui Zhong
Distributed Systems,Yadong Xu
Distributed Systems,Michael Harold Lees
Distributed Systems,Nan Hu
Distributed Systems,Wen Jun Tan
Distributed Systems,Zengxiang Li
Distributed Systems,Suiping Zhou
Distributed Systems,Mingbi Zhao
Distributed Systems,Stephen John Turner
Distributed Systems,Yunhua Deng
Distributed Systems,Rick Siow Mong Goh
Distributed Systems,Daniel Zehe
Distributed Systems,Heiko Aydt
Distributed Systems,Haiyan Yin
Distributed Systems,Xiaosong Li
Distributed Systems,Vaisagh Viswanathan
Distributed Systems,Yuhong Feng
Distributed Systems,Ta Nguyen Binh Duong
Distributed Systems,Xiaorong Li
Distributed Systems,Ke Pan
Distributed Systems,Fanchao Zeng
Distributed Systems,James Decraene
Distributed Systems,Malcolm Yoke-Hean Low
Distributed Systems,Rassul Ayani
Distributed Systems,Boon-Ping Gan
Distributed Systems,Dan Chen 0001
Distributed Systems,Muzhou Xiong
Distributed Systems,Percival Xavier
Distributed Systems,Jiannong Cao 0001
Distributed Systems,Wei Jie
Distributed Systems,Lizhe Wang 0001
Distributed Systems,Junhu Wei
Distributed Systems,Terence Hung
Distributed Systems,Wen-Jing Hsu
Distributed Systems,Ming Zhu
Distributed Systems,Simon See
Distributed Systems,Li Liu 0018
Distributed Systems,Sanjay Jain 0003
Distributed Systems,Chu-Cheow Lim
Distributed Systems,Alfred Heng
Computer Vision,Henry Fuchs
Computer Vision,Minh-Tri Pham
Computer Vision,James M. Rehg
Computer Vision,Rahul Sukthankar
Computer Vision,Roberto Cipolla
Computer Networks,Vishram Mishra
Multimedia,Zhixiang Ren
Multimedia,Shenghua Gao
Multimedia,Ivor W. Tsang
Multimedia,Zhengxiang Wang
Multimedia,Yiqun Hu
Multimedia,Min Xu 0001
Multimedia,Joo-Hwee Lim
Multimedia,Xiangang Cheng
Multimedia,Huan Wang 0004
Multimedia,Feng Lu
Multimedia,Song Liu 0001
Multimedia,Surong Wang
Multimedia,Haoran Yi
Multimedia,Ling Chen 0002
Multimedia,Chen Zhou
AI/ML,Van Tung Pham
AI/ML,Chenglin Xu
AI/ML,Wei Rao
AI/ML,Haizhou Li 0001
AI/ML,Nana Hou
AI/ML,Haihua Xu
AI/ML,Yerbolat Khassanov
AI/ML,Zhiping Zeng
AI/ML,Chongjia Ni
AI/ML,Bin Ma
AI/ML,Cheung-Chi Leung
AI/ML,Longbiao Wang
AI/ML,Hao Huang
AI/ML,Thi-Nga Ho
AI/ML,Xiaohai Tian
AI/ML,Kong Aik Lee
AI/ML,Tomi Kinnunen
AI/ML,Hanwu Sun
AI/ML,Tran Huy Dat
AI/ML,Jia Yu 0002
AI/ML,Lei Xie 0001
AI/ML,Xiong Xiao
AI/ML,Nancy F. Chen
AI/ML,Siu Wa Lee
AI/ML,Zhizheng Wu
AI/ML,Tze Yuang Chong
AI/ML,Van Hai Do
AI/ML,Sunil Sivadas
AI/ML,Shengkui Zhao
AI/ML,Douglas L. Jones
AI/ML,Nguyen Quy Hy
AI/ML,Duc Hoang Ha Nguyen
AI/ML,Xionghu Zhong
AI/ML,Minghui Dong
AI/ML,Su Jun Leow
AI/ML,Chin-Hui Lee
AI/ML,Lei Wang 0020
AI/ML,Hang Lv 0001
AI/ML,Trung Hieu Nguyen 0001
AI/ML,Dau-Cheng Lyu
AI/ML,Rafael E. Banchs
AI/ML,Jinyu Li
AI/ML,Jonathan William Dennis
AI/ML,Omid Dehzangi
AI/ML,Rong Tong
AI/ML,Jinjun Wang
AI/ML,Changsheng Xu
AI/ML,Qi Tian 0002
Data Mining,Xiaoli Li 0001
Data Mining,Zhida Chen
Data Mining,Zheng Wang
Data Mining,Yiding Liu
Data Mining,Kaiyu Feng
Data Mining,Tao Guo
Data Mining,Shuai Ma 0001
Data Mining,Xiucheng Li
Data Mining,Kaiqi Zhao 0001
Data Mining,Zhifeng Bao
Data Mining,Wei Wei 0002
Data Mining,Shanshan Feng
Data Mining,Lisi Chen
Data Mining,Christian S. Jensen
Data Mining,Tuan-Anh Nguyen Pham
Data Mining,Yeow Meng Chee
Data Mining,Quan Yuan 0001
Data Mining,Zhen Hai
Data Mining,Kian-Lee Tan
Data Mining,Xutao Li
Data Mining,Xin Cao 0001
Data Mining,Jiaheng Lu
Data Mining,Yifeng Zeng
Data Mining,Beng Chin Ooi
Data Mining,Zongyang Ma
Data Mining,Chin-Yew Lin
Data Mining,Dingming Wu 0001
Data Mining,Xiaokui Xiao
Data Mining,Bin Cui 0001
Data Mining,Wenfei Fan
Data Mining,Anthony K. H. Tung
Computer Vision,Dilip K. Prasad
Computer Vision,Hisham Cholakkal
Computer Vision,Lily Rachmawati
Computer Vision,Eshan Rajabally
Computer Vision,Jubin Johnson
Computer Vision,Alex Yong Sang Chia
Computer Vision,Ehsan Shahrian Varnousfaderani
Computer Vision,Karthik Muthuswamy
Computer Vision,Ehsan Younessian
Computer Vision,Susanto Rahardja
Computer Vision,Viswanath Gopalakrishnan
Computer Vision,Maylor K. H. Leung
Computer Vision,Subhasis Chaudhuri
Computer Architecture,Padmanabhan Balasubramanian
Computer Architecture,Nikos E. Mastorakis
Computer Architecture,Xiangwei Li
Computer Architecture,Suhaib A. Fahmy
Computer Architecture,Abhishek Kumar Jain
Computer Architecture,D. Mahinda Vilathgamuwa
Computer Architecture,Lian Lian Jiang
Computer Architecture,Jin Cui
Computer Architecture,D. R. Nayanasiri
Computer Architecture,Yupeng Chen
Computer Architecture,Bertil Schmidt
Computer Architecture,Yongchao Liu
Computer Architecture,Timothy F. Oliver
Computer Architecture,Graham S. Woods
Computer Networks,Kun Zhu 0001
Computer Networks,Ran Wang 0004
Computer Networks,Yang Zhao
Computer Networks,Tachporn Sanguanpuak
Computer Networks,Nandana Rajatheva
Computer Networks,Matti Latva-aho
Computer Networks,Helin Yang
Computer Networks,Zehui Xiong
Computer Networks,Tran The Anh
Computer Networks,Nguyen Cong Luong
Computer Networks,Yutao Jiao
Computer Networks,Ping Wang 0001
Computer Networks,Dong In Kim
Computer Networks,Zhu Han
Computer Networks,Wei Yang Bryan Lim
Computer Networks,Dinh Thai Hoang
Computer Networks,Ying-Chang Liang
Computer Networks,Qiang Yang 0001
Computer Networks,Shimin Gong
Computer Networks,Xiao Lu 0001
Computer Networks,Yiyang Pei
Computer Networks,Alia Asheralieva
Computer Networks,Shaohan Feng
Computer Networks,Yang Zhang 0025
Computer Networks,Bin Lin 0001
Computer Networks,Hamed Kebriaei
Computer Networks,Yi Liu 0057
Computer Networks,Jiawen Kang
Computer Networks,Han Hu 0003
Computer Networks,Yuze Zou
Computer Networks,Jing Xu 0005
Computer Networks,Wenqing Cheng
Computer Networks,Yanru Zhang
Computer Networks,Cyril Leung
Computer Networks,H. Vincent Poor
Computer Networks,Mohammad Karimzadeh-Farshbafan
Computer Networks,Vahid Shah-Mansouri
Computer Networks,Mohammad Abu Alsheikh
Computer Networks,Derek Leong
Computer Networks,Ekram Hossain
Computer Networks,Hai Jiang 0001
Computer Networks,F. Richard Yu
Computer Networks,Huaqing Zhang
Computer Networks,Yong Xiao
Computer Networks,Junjie Tan
Computer Networks,Lin Zhang 0022
Computer Networks,Nguyen H. Tran
Computer Networks,Tai Manh Ho
Computer Networks,Walid Saad
Computer Networks,Choong Seon Hong
Computer Networks,Xiangyun Zhou 0001
Computer Networks,Mohsen Guizani
Computer Networks,Diep N. Nguyen
Computer Networks,Eryk Dutkiewicz
Computer Networks,Xiaozheng Gao
Computer Networks,Kai Yang 0004
Computer Networks,Zhiguang Cao
Computer Networks,Amir Leshem
Computer Networks,Yulan Gao
Computer Networks,Chao Yong
Computer Networks,Yue Xiao
Computer Networks,Jer Shyuan Ng
Computer Networks,Kongrath Suankaewmanee
Computer Networks,Wenbo Wang 0004
Computer Networks,Jiangtian Nie
Computer Networks,Chau Yuen
Computer Networks,Suttinee Sawadsitang
Computer Networks,Puay Siew Tan
Computer Networks,Nicolas Privault
Computer Networks,Naofal Al-Dhahir
Computer Networks,Ahmed El Shafie 0001
Computer Networks,Nguyen Van Huynh
Computer Networks,Sivadon Chaisiri
Computer Networks,Mehdi Bennis
Computer Networks,Han-Bae Kong 0001
Computer Networks,Ian Flint
Computer Networks,Shaun Shuxun Wang
Computer Networks,Sudarshan Guruacharya
Computer Networks,Rakpong Kaewpuang
Computer Networks,Long Bao Le
Computer Networks,Hongliang Guo
Computer Networks,Ulrich Fastenrath
Computer Networks,Shaowei Lin
Computer Networks,Hwee-Pink Tan
Computer Networks,Lingyang Song
Computer Networks,Qiumin Dong
Computer Networks,Yifan Li
Computer Networks,Vamsi Krishna Tumuluru
Computer Networks,Are Hjørungnes
Computer Networks,Sergio Camorlinga
AI/ML,Shaoxiong Ji
AI/ML,Yang Li 0055
AI/ML,Navonil Majumder
AI/ML,Alexander F. Gelbukh
AI/ML,Ranjan Satapathy
AI/ML,Amir Hussain
AI/ML,Xiaoshi Zhong
AI/ML,Yunqing Xia
AI/ML,Soujanya Poria
AI/ML,Paolo Gastaldo
AI/ML,Rodolfo Zunino
AI/ML,Suhang Wang
AI/ML,Yukun Ma
AI/ML,Quan Pan
AI/ML,Frank Z. Xing
AI/ML,Roy E. Welsch
AI/ML,Iti Chaturvedi
AI/ML,Haiyun Peng
AI/ML,Sandro Cavallari
AI/ML,Kenneth Kwok
AI/ML,Lorenzo Malandri
AI/ML,Aparup Khatua
AI/ML,Björn W. Schuller
AI/ML,Rada Mihalcea
AI/ML,Vincent W. Zheng
AI/ML,Andrea Picasso Ratto
AI/ML,Simone Merello
AI/ML,Luca Oneto
AI/ML,Tao Yang 0028
AI/ML,Devamanyu Hazarika
AI/ML,Rajiv Bajpai
AI/ML,Roger Zimmermann
AI/ML,Anupam Mondal
AI/ML,Dipankar Das 0001
AI/ML,Sivaji Bandyopadhyay
AI/ML,Ha Nguyen Tran
AI/ML,Amir Zadeh 0001
AI/ML,Paul Pu Liang
AI/ML,Louis-Philippe Morency
AI/ML,Prateek Vij
AI/ML,Federica Bisio
AI/ML,Bebo White
AI/ML,Newton Howard
AI/ML,Guang-Bin Huang
AI/ML,Haixun Wang
AI/ML,Daniel Olsher
AI/ML,Catherine Havasi
AI/ML,Chris Eckl
HCI,Chi-Wing Fu
HCI,Peng Song 0001
HCI,Wenjie Wang
HCI,Kai-Yun Chan
AI/ML,Duo Chen
AI/ML,Rosa Q. So
AI/ML,Effie Chew
AI/ML,Kai Keng Ang
AI/ML,Kok Soon Phua
AI/ML,Seong-Whan Lee
AI/ML,Yuhao Lu
AI/ML,Ravikiran Mane
AI/ML,Neethu Robinson
AI/ML,Aung Aung Phyo Wai
AI/ML,Tih Shih Lee
AI/ML,Zhuo Zhang 0001
AI/ML,Haihong Zhang
AI/ML,Mengling Feng
AI/ML,Chuanchu Wang
AI/ML,Zhongkang Lu
AI/ML,Weimin Huang
AI/ML,Mahnaz Arvaneh
AI/ML,Xinyang Li
AI/ML,Huijuan Yang
AI/ML,Camilo Libedinsky
AI/ML,Vikram Shenoy Handiru
AI/ML,Sau Wai Tung
AI/ML,Zhiming Xu
AI/ML,Juanhong Yu
AI/ML,Zhengyang Chin
AI/ML,Jianxin Xu 0001
AI/ML,Kavitha P. Thomas
AI/ML,Yaozhang Pan
AI/ML,Keng Peng Tee
AI/ML,Feng Zhang
AI/ML,Liang Yu Loy
AI/ML,Yuanqing Li
Computer Graphics,Zheng Fang
Computer Graphics,Shi-Qing Xin
Computer Graphics,Xuequan Lu
Computer Graphics,Minjing Yu
Computer Graphics,Yong-Jin Liu
Computer Graphics,Hong Qin
Computer Graphics,Zipeng Ye
Computer Graphics,Ran Yi
Computer Graphics,Shuang-Min Chen
Computer Graphics,Yuanfeng Zhou
Computer Graphics,Wenping Wang
Computer Graphics,Fei Hou
Computer Graphics,Qian Sun
Computer Graphics,Yue Qian
Computer Graphics,Junhui Hou
Computer Graphics,Xiang Ying
Computer Graphics,Feng Li 0002
Computer Graphics,Xiaoming Chen
Computer Graphics,Charlie C. L. Wang
Computer Graphics,Changhe Tu
Computer Graphics,Xiaoning Wang
Computer Graphics,Dian Fan
Computer Graphics,Chunxu Xu
Computer Graphics,Lap-Pui Chau
Computer Graphics,Xianfeng Gu
Computer Graphics,Juncong Lin
Computer Graphics,Jiazhi Xia
Computer Graphics,Zhenhua Li
Computer Graphics,Jinyan Li
Computer Graphics,Minqi Zhang
Computer Graphics,Dayong Wang
Computer Graphics,Steven C. H. Hoi
Computer Graphics,Jianke Zhu
Computer Graphics,Long Zhang 0001
Computer Graphics,Dao Thi Phuong Quynh
Computer Graphics,Miao Jin
Computer Graphics,Hongyu Wang 0002
Computer Graphics,Xin Li 0003
Distributed Systems,Xi Guo 0002
Distributed Systems,Huiliang Zhang
Information Retrieval,Yi Tay
Information Retrieval,Aston Zhang
Information Retrieval,Shuohang Wang
Information Retrieval,Minh C. Phan
Information Retrieval,Jian Su
Information Retrieval,Thông T. Nguyên
Information Retrieval,Minh Luan Nguyen
Information Retrieval,Alvis Cheuk M. Fong
Information Retrieval,Peng Tang
Information Retrieval,Tam T. Nguyen
Information Retrieval,Baoyao Zhou
Information Retrieval,Yulan He
Information Retrieval,Thanh Tho Quan
Information Retrieval,Tien Dung Do
Information Retrieval,Schubert Foo
AI/ML,Tasnim Mohiuddin
AI/ML,M. Saiful Bari
AI/ML,Prathyusha Jwalapuram
AI/ML,Caiming Xiong
AI/ML,Richard Socher
AI/ML,Irwin King
AI/ML,Michael R. Lyu
AI/ML,Thanh-Tung Nguyen
AI/ML,Xuan-Phi Nguyen
AI/ML,Xiang Lin
AI/ML,Karan Aggarwal
AI/ML,Jaideep Srivastava
AI/ML,Giuseppe Carenini
AI/ML,Raymond T. Ng
AI/ML,Gabriel Murray
AI/ML,Preslav Nakov
AI/ML,Alberto Barrón-Cedeño
AI/ML,Giovanni Da San Martino
AI/ML,Lluís Màrquez
AI/ML,Alessandro Moschitti
AI/ML,Francisco Guzmán
AI/ML,Dat Tien Nguyen
AI/ML,Muhammad Imran 0002
AI/ML,Hassan Sajjad
AI/ML,Salvatore Romeo
AI/ML,Yllias Chali
AI/ML,Sadid A. Hasan
AI/ML,Zhiqiang Xu
AI/ML,Pengfei Wei
AI/ML,Huanhuan Wu
AI/ML,James Cheng
AI/ML,Jeffrey Xu Yu
AI/ML,Wilfred Ng
Computer Vision,Wojciech Michal Matkowski
Computer Vision,Yi Huang
Computer Vision,Frodo Kin Sun Chan
Computer Vision,Yanzhu Liu
Computer Vision,Xiaojie Li
Computer Vision,Chaoying Tang
Computer Vision,Hengyi Zhang
Computer Vision,Noah Craft
Computer Vision,David Zhang 0001
Computer Vision,Mohamed Kamel
Computer Vision,Guangming Lu
Computer Vision,King Hong Cheung
Computer Vision,Jane You
Computer Vision,Michael Wong
Bioinformatics,Min Wu 0008
Bioinformatics,Dong Huang
Bioinformatics,Chang-Dong Wang
Bioinformatics,Jianhuang Lai
Bioinformatics,Yu Zhang 0084
Bioinformatics,Rui Yin
Bioinformatics,Jie Zheng 0002
Bioinformatics,Swamidoss Issac Niwas
Bioinformatics,Chelvin C. Sng
Bioinformatics,Maria Cecilia Aquino
Bioinformatics,Paul T. K. Chew
Bioinformatics,Stephanus Daniel Handoko
Bioinformatics,Peng Yang
Bioinformatics,Limsoon Wong
Bioinformatics,Chinh Tran To Su
Bioinformatics,Adrianto Wirawan
Bioinformatics,Xuchang Ouyang
Bioinformatics,Yun Zheng
Bioinformatics,See-Kiong Ng
Bioinformatics,Deyu Zhou
Bioinformatics,Wan Sing Ng
Cyber Security,Huaxiong Wang
Cyber Security,Feng Li 0008
Cyber Security,Xin Liu 0009
Cyber Security,Kanglian Zhao
Cyber Security,Li Wang 0041
Cyber Security,Xun Yi
Cyber Security,Jun Zhao
Cyber Security,Chaoping Xing
Cyber Security,Can Wang 0004
Cyber Security,Yunwei Zhao
Cyber Security,Chi-Hung Chi
Cyber Security,Ming Gu 0001
Cyber Security,Jiaguang Sun 0001
Cyber Security,Jinyang Shi
Cyber Security,Siu Leung Chung
Cyber Security,Jian-Bin Li
Cyber Security,Hong-Wei Sun
Cyber Security,Tieyan Li
Cyber Security,Xiao Feng Wang
Cyber Security,Eiji Okamoto
Cyber Security,Lucas Chi Kwong Hui
Computer Architecture,Changhai Ou
Computer Architecture,Chengju Zhou
Computer Architecture,Guiyuan Jiang
Computer Architecture,Jigang Wu
Computer Architecture,Peilan He
Computer Architecture,Yidan Sun
Computer Architecture,Sai Praveen Kadiyala
Computer Architecture,Duvindu Piyasena
Computer Architecture,Meiqing Wu
Computer Architecture,Saru Vig
Computer Architecture,Long Chen 0006
Computer Architecture,Thinh Hung Pham
Computer Architecture,Alok Prakash
Computer Architecture,Christopher T. Clarke
Computer Architecture,Nirmala Ramakrishnan
Computer Architecture,Yan Lin Aung
AI/ML,Lihi Dery
AI/ML,Jeffrey S. Rosenschein
AI/ML,Edith Elkind
AI/ML,Maria Polukarov
AI/ML,Omer Lev
AI/ML,Evangelos Markakis
Computer Networks,Johns Paul
Computer Networks,Bingsheng He
Computer Networks,Zhaomin Chen
Computer Networks,Xuntao Cheng
Computer Networks,Manoranjan Paul
Computer Networks,Raymond J. Jayabal
Computer Networks,Zhouye Gu
Computer Networks,Cheng Peng Fu
Computer Networks,Boon-Chong Seet
Computer Networks,Seanglidet Yean
Computer Networks,Yi Liu 0040
Computer Networks,Martin J. McKeown
Computer Networks,Shanjiang Tang
Computer Networks,Vincent Gauthier
Computer Networks,Chonho Lee
Computer Networks,Filippo Gioachin
Computer Networks,Verdi March
Computer Networks,Chun Hui Suen
Computer Networks,Renuga Kanagavelu
Computer Networks,Ryan K. L. Ko
Computer Networks,Markus Kirchberg
Computer Networks,Kai Juan Wong
Computer Networks,Shengbo Yang
Computer Networks,Feng Zhong
Computer Networks,Yu Shyang Tan
Computer Networks,Jiaming Li 0003
Computer Networks,Yang Xia
Computer Networks,Zoebir Bong
Computer Networks,Yan Gu 0002
Computer Networks,Peter Jagadpramana
Computer Networks,Rachit Agarwal 0002
Computer Networks,Abhik Banerjee
Computer Networks,John Felix Charles Joseph
Computer Networks,Amitabha Das
Computer Networks,Juki Wirawan Tantra
Computer Networks,Teck Meng Lim
Computer Networks,Ming Tang
Computer Networks,Genping Liu
Computer Vision,Wei Zhong
Computer Vision,Long Ye
Computer Vision,Qin Zhang 0009
Computer Vision,Xiwu Zhan
Computer Vision,Christopher Hain
Computer Vision,Zhuoyuan Yu
Computer Vision,Daoben Li
Computer Networks,Wan Du
Computer Networks,Li Lu 0001
Computer Networks,Pengfei Zhou
Computer Networks,Yaxiong Xie
Computer Networks,Zhenjiang Li
Computer Networks,Huanle Zhang
Computer Networks,Zhidan Liu
Computer Networks,Shiqi Jiang
Computer Networks,Jansen Christian Liando
Computer Networks,Yuanqing Zheng
Computer Networks,Kyle Jamieson
Computer Networks,Jiajue Ou
Computer Networks,Guobin Shen
Computer Networks,Saiyu Qi
Computer Networks,Yunhao Liu
Computer Networks,Xiang-Yang Li 0001
Computer Networks,Xiangke Liao
Computer Networks,Jiliang Wang
Computer Networks,Yuan He 0004
Computer Networks,Zheng Yang 0002
Computer Networks,Kebin Liu
Software Engg,Chenguang Zhu
Software Engg,Julia Rubin
Software Engg,Marsha Chechik
Software Engg,Xiaofei Xie
Software Engg,Lei Ma 0003
Software Engg,Jianjun Zhao
AI/ML,Stuart Harvey Rubin
AI/ML,Xindong Wu 0001
AI/ML,Pei-Pei Li
AI/ML,Jen-Yao Chung
Bioinformatics,Ming Liu
Bioinformatics,Peng Xiong
Bioinformatics,Xiuling Liu
Bioinformatics,Yan-Chao Wang 0002
Bioinformatics,Yong Tsui Lee
Bioinformatics,Wei Ming Chiew
Bioinformatics,Feng Zhao 0004
Computer Vision,Chi Zhang
Computer Vision,Sheng Yang
Computer Vision,Zichuan Liu
Computer Vision,Wang Ling Goh
Computer Vision,Fayao Liu
Computer Vision,Anton Milan
Computer Vision,Chunhua Shen
Computer Vision,Ian D. Reid 0001
Computer Vision,Tzu-Yi Hung
Computer Vision,Rui Yao
Computer Vision,Qinfeng Shi
Computer Vision,Tong Shen
Computer Vision,Anton van den Hengel
Computer Vision,David Suter
Software Engg,Jun Sun 0001
Software Engg,David Sanán
Software Engg,Ruitao Feng
Software Engg,Zhenchang Xing
Software Engg,Étienne André
Software Engg,Jin Song Dong
Software Engg,Pao-Ann Hsiung
Software Engg,Chao-Sheng Lin
Software Engg,Yean-Ru Chen
Multimedia,Jinjian Wu
Multimedia,Leida Li
Multimedia,Weisheng Dong
Multimedia,Qiuping Jiang
Multimedia,Ke Gu 0001
Multimedia,Junfei Qiao
Multimedia,Patrick Le Callet
Multimedia,Daniel Thalmann
Multimedia,Yuming Fang
Multimedia,Zhijun Fang
Multimedia,Zhuo Chen
Multimedia,Shiqi Wang 0001
Multimedia,Ling-Yu Duan
Multimedia,Huazhu Fu
Multimedia,Wen Gao 0001
Multimedia,Qiaohong Li
Multimedia,Yabin Zhang
Multimedia,Jiaying Liu 0001
Multimedia,Feng Shao
Multimedia,Gangyi Jiang
Multimedia,Jianjun Lei
Multimedia,Qingming Huang
Multimedia,Chunping Hou
Multimedia,Vinit Jakhetiya
Multimedia,Sharath Chandra Guntuku
Multimedia,Xinfeng Zhang
Multimedia,Siwei Ma
Multimedia,Wentao Cheng
Multimedia,Zhenzhong Chen
Multimedia,Chenwei Deng
Multimedia,Yuan Yuan
Multimedia,Zhou Wang
Multimedia,Sujoy Roy
Multimedia,Gheorghita Ghinea
Multimedia,Long Xu
Multimedia,Sai Manoj Prakhya
Multimedia,Bingbing Liu
Multimedia,Jia Li 0003
Multimedia,Lin Ma 0002
Multimedia,Yihua Yan
Multimedia,Qionghai Dai
Multimedia,C.-C. Jay Kuo
Multimedia,Tsung-Jung Liu
Multimedia,Dong-Yan Huang
Multimedia,Lipo Wang
Multimedia,Mei Yu 0001
Multimedia,Huan Yang 0001
Multimedia,Michael James Scott
Multimedia,Chia-Wen Lin
Multimedia,Lu Dong
Multimedia,Anmin Liu
Multimedia,Shiqian Wu
Multimedia,Chia-Ming Tsai
Multimedia,Lining Zhang
Multimedia,Sabu Emmanuel
Multimedia,Manish Narwaria
Multimedia,Ee Ping Ong
Multimedia,Fan Zhang
Multimedia,Ci Wang
Multimedia,Ping Xue 0001
Multimedia,Yi Xu
Multimedia,Susu Yao
Multimedia,Minoru Etoh
Multimedia,Feng Pan
Multimedia,Xiao Lin 0001
Multimedia,Mei Hwan Loke
Multimedia,Bee June Tye
Computer Architecture,Xu Jiang 0004
Computer Architecture,Nan Guan
Computer Architecture,Mengquan Li
Computer Architecture,Peng Chen 0027
Computer Architecture,Lei Yang 0018
Computer Architecture,Chunhua Xiao
Computer Architecture,Yaoyao Ye
Computer Architecture,Yiyuan Xie
Computer Architecture,Weiwen Jiang
Computer Architecture,Edwin H.-M. Sha
Computer Architecture,Di Liu
Computer Architecture,Wang Yi 0001
Computer Architecture,Lei Zhang 0072
Computer Architecture,Thomas Weise 0001
Computer Architecture,Juan Yi
Computer Architecture,Qingxu Deng
Computer Architecture,Kan Zhong
Computer Architecture,Duo Liu
Computer Architecture,Wei Zhang 0012
Computer Architecture,Jiang Xu 0001
Computer Architecture,Xuan Wang 0001
Computer Architecture,Zonghua Gu
Computer Architecture,Xiaowen Wu
Computer Architecture,Mahdi Nikdast
Computer Architecture,Zhehui Wang
Computer Architecture,Yu Wang 0002
Software Engg,Qing Guo 0005
Software Engg,Wei Feng 0005
Software Engg,Yuan Zhou 0005
Software Engg,Hesuan Hu
Software Engg,Zuohua Ding
Software Engg,Tian Huat Tan
Software Engg,Manman Chen
Software Engg,Shuang Liu
Software Engg,Xiaolu Hou
Software Engg,Sanjeev Das
Software Engg,Dongxia Wang
Software Engg,Tim Muller
Software Engg,Guozhu Meng
Software Engg,Yan Zheng
Software Engg,Jianye Hao
Software Engg,Felix Juefei-Xu
Software Engg,Xiao Wang
Software Engg,Lu Xiao 0001
Software Engg,Bihuan Chen 0001
Software Engg,Xiaoning Du
Software Engg,Qiang Hu
Software Engg,Haijun Wang
Software Engg,Yuekang Li
Software Engg,Shengchao Qin
Software Engg,Hongxu Chen
Software Engg,Geguang Pu
Software Engg,Sen Chen
Software Engg,Lingling Fan
Software Engg,Ting Su
Software Engg,Minhui Xue
Software Engg,Yinxing Xue
Software Engg,Lihua Xu
Software Engg,Xin Peng 0001
Software Engg,Run Wang
Software Engg,Yihao Huang
Software Engg,Zhengzi Xu
Software Engg,Xiaohong Li 0001
Software Engg,Weikai Miao
Software Engg,Jing Kai Siow
Software Engg,Chunyang Chen
Software Engg,Fuyuan Zhang
Software Engg,Yongwang Zhao
Software Engg,Songzheng Song
Software Engg,Wenyun Zhao
Software Engg,Mahinthan Chandramohan
Software Engg,Junjie Wang 0007
Software Engg,Bo Li 0026
Software Engg,Yun Lin 0001
Software Engg,Li Li 0029
Software Engg,Zhe Hou
Software Engg,Alwen Tiu
Software Engg,Ting Wang 0004
Software Engg,Guangdong Bai
Software Engg,Annamalai Narayanan
Software Engg,Lihui Chen
Software Engg,Ling Shi
Software Engg,Li Li 0044
Software Engg,Yadong Wang
Software Engg,Jun Pang 0001
Software Engg,Chen Chen 0009
Software Engg,Yan Yang
Software Engg,Hao Xiao
Software Engg,Akin Günay
Software Engg,Shao Jie Zhang
Software Engg,MengChu Zhou
Software Engg,Zhimin Wu
Software Engg,Jing Sun 0002
Software Engg,Truong Khanh Nguyen
Software Engg,Xinyu Wang 0001
Software Engg,Lin Gui 0002
Software Engg,Xian Zhang 0007
Software Engg,Yan Liu 0012
Software Engg,Manchun Zheng
Data Mining,Raymond Chi-Wing Wong
Data Mining,Victor Junqiu Wei
Data Mining,Ada Wai-Chee Fu
Data Mining,Zitong Chen
Computer Vision,Jing Shao
Computer Vision,Chen Huang
Computer Vision,Yining Li
Computer Vision,Xiaoou Tang
Computer Vision,Chongyi Li
Computer Vision,Liming Jiang
Computer Vision,Wayne Wu
Computer Vision,Chen Qian 0006
Computer Vision,Xiaohang Zhan
Computer Vision,Xingang Pan
Computer Vision,Bo Dai
Computer Vision,Ziwei Liu 0002
Computer Vision,Dahua Lin
Computer Vision,Bolei Zhou
Computer Vision,Wenwei Zhang
Computer Vision,Wanli Ouyang
Computer Vision,Yuhang Cao
Computer Vision,Kai Chen
Computer Vision,Yuenan Hou
Computer Vision,Zheng Ma 0008
Computer Vision,Chunxiao Liu
Computer Vision,Tak-Wai Hui
Computer Vision,Jianping Shi
Computer Vision,Ping Luo 0002
Computer Vision,Jiaqi Wang
Computer Vision,Jiangmiao Pang
Computer Vision,Xiaoxiao Li
Computer Vision,Yu Qiao 0001
Computer Vision,Yubin Deng
Computer Vision,Junjie Yan
Computer Vision,Xiaogang Wang 0001
Computer Vision,Kelvin C. K. Chan
Computer Vision,Xintao Wang
Computer Vision,Ke Yu
Computer Vision,Chao Dong
Computer Vision,Rui Xu
Computer Vision,Yu Rong
Computer Vision,Yunxuan Zhang
Computer Vision,Cheng Li 0009
Computer Vision,Yuchen Fan
Computer Vision,Ding Liu
Computer Vision,Thomas S. Huang
Computer Vision,Shuo Yang 0003
Computer Vision,Shuyang Sun
Computer Vision,Kaidi Cao
Computer Vision,Yuanjun Xiong
Computer Vision,Zhanpeng Zhang
Computer Vision,Shaogang Gong
Computer Vision,Zhe Wang 0006
Computer Vision,Shizhan Zhu
Computer Vision,Xiatian Zhu
Computer Vision,Tao Xiang
Computer Vision,Tao Chen 0003
Computer Vision,Yunpeng Zhai
Computer Vision,Qixiang Ye
Computer Vision,Yonghong Tian 0001
Computer Vision,Fangneng Zhan
Computer Vision,Shangxuan Tian
Computer Vision,Wei Zhang 0066
Computer Vision,Jiayuan Fan
Computer Vision,Chuhui Xue
Computer Vision,Xiang Bai
Computer Vision,Shahab Ensafi
Computer Vision,Ashraf A. Kassim
Computer Vision,Chew Lim Tan
Computer Vision,Bolan Su
Computer Vision,Palaiahnakote Shivakumara
Computer Vision,Trung Quy Phan
Computer Vision,Jiang Liu 0001
Computer Vision,Tien Yin Wong
Computer Vision,Damon Wing Kee Wong
Computer Vision,Ngan Meng Tan
Computer Vision,Huiqi Li
Computer Vision,Cécile Paris
Computer Networks,Menglan Hu
Computer Networks,Yanbing Yang
Computer Networks,Kai Han 0003
Computer Networks,Shaojie Tang
Computer Networks,Bharadwaj Veeravalli
Computer Networks,Liu Xiang
Computer Networks,Yang Liu 0168
Computer Networks,Catherine Rosenberg
Computer Networks,Jean-Pierre Hubaux
Computer Networks,Patrick Th. Eugster
AI/ML,Md Meftahul Ferdaus
AI/ML,Sreenatha G. Anavatti
AI/ML,Matthew A. Garratt
AI/ML,Qing Cai
AI/ML,Andri Ashfahani
AI/ML,Edwin Lughofer
AI/ML,Subhrajit Samanta
AI/ML,Tegoeh Tjahjowidodo
AI/ML,Witold Pedrycz
AI/ML,Monidipa Das
AI/ML,Choiru Za'in
AI/ML,Eric Pardede
AI/ML,Suresh Sundaram
AI/ML,Mohamad Abdul Hady
AI/ML,Jie Lu 0001
AI/ML,Basaran Bahadir Kocer
AI/ML,Meng Joo Er
AI/ML,Rajasekar Venkatesan
AI/ML,Guangquan Zhang 0001
AI/ML,Yong Zhang 0007
Computer Architecture,Jie Lin 0001
Computer Architecture,Vijay Chandrasekhar 0001
Computer Architecture,David Atienza
Computer Architecture,Tony F. Wu
Computer Architecture,H.-S. Philip Wong
Computer Architecture,Subhasish Mitra
Computer Architecture,Arvind Sridhar
Computer Architecture,Francky Catthoor
Computer Architecture,Ayse K. Coskun
Cyber Security,Huafei Zhu
Cyber Security,Huynh Ngoc Anh
Cyber Security,Vasily Sidorov
Cyber Security,Hoang Giang Do
Cyber Security,Divya Rao
Cyber Security,Hai-Long Nguyen
Cyber Security,Yew-Kwong Woon
Cyber Security,Fang Liu 0009
Cyber Security,Wei Zhang 0082
Cyber Security,Shuguo Han
Cyber Security,Wei Zha
Cyber Security,Hock Hee Ang
Cyber Security,Vivekanand Gopalkrishnan
Cyber Security,Vincent C. S. Lee
Cyber Security,Haifeng Liu
Cyber Security,Xuan-Hong Dang
Cyber Security,Kok-Leong Ong
Cyber Security,Wenyuan Li
Cyber Security,Xiang Li 0040
Cyber Security,Zehua Liu
Cyber Security,Sanjay Kumar Madria
Cyber Security,Yew Kwong Woon
Cyber Security,Devanshu Dhyani
Cyber Security,Yinyan Cao
Cyber Security,Chinya V. Ravishankar
HCI,Kening Zhu
HCI,Hideaki Nii
HCI,Adrian David Cheok
HCI,Roshan Lalintha Peiris
HCI,Mili John Tharakan
HCI,Natalie Pang
HCI,Kasun Karunanayaka
HCI,Nimesha Ranasinghe
HCI,Chamari Priyange Edirisinghe
HCI,Imiyage Janaka Prasad Wijesena
HCI,Gopalakrishnakone Ponnampalam
HCI,Naoko Tosa
HCI,Michael Cohen 0002
AI/ML,Wenya Wang
AI/ML,Shangyu Chen
AI/ML,Daniel Dahlmeier
AI/ML,Fuzhen Zhuang
AI/ML,Qing He 0003
AI/ML,Sulin Liu
AI/ML,Zhongqi Lu
AI/ML,Jeffrey Junfeng Pan
AI/ML,James T. Kwok
AI/ML,Di Wang 0004
AI/ML,Geok See Ng
AI/ML,Qiang Shen 0001
AI/ML,Reza Khosrowabadi
AI/ML,Abdul Wahab
AI/ML,Javan Tan
AI/ML,Siu-Yeung Cho
AI/ML,Eng-Yeow Cheu
AI/ML,Whye Loon Tung
AI/ML,Philip Y. K. Cheng
AI/ML,Haoming Huang
AI/ML,Michel Pasquier
AI/ML,Sintiani Dewi Teddy
AI/ML,Edmund Ming-Kit Lai
AI/ML,Ruowei Zhou
AI/ML,Tuan Zea Tan
AI/ML,Daming Shi 0001
Bioinformatics,Piyushkumar A. Mundra
Bioinformatics,Minh Ngoc Nguyen 0002
Bioinformatics,Jianmin Ma
Bioinformatics,Gary B. Fogel
Bioinformatics,Juan Zhou
Bioinformatics,Ravinda G. N. Meegama
Bioinformatics,Loi Sy Ho
Computer Graphics,Zhongke Wu
Computer Graphics,Yaqiong Liu
Computer Graphics,Chee Kwang Quah
Computer Graphics,Budianto Tandianus
Computer Graphics,Mingquan Zhou
Computer Graphics,Quan Chen
Computer Graphics,Santiago E. Montesdeoca
Computer Graphics,Dongquan Liu
Computer Graphics,Zheng Zhang
Computer Graphics,Jun Yu 0002
Computer Graphics,Feng Tian 0006
Computer Graphics,Xian Xiao
Computer Graphics,Xuexiang Xie
Computer Graphics,Jie Qiu 0002
Computer Graphics,Konstantin Melikhov
Computer Architecture,Abhishek Ambede
Data Management,Renchi Yang
Data Management,Hui Li 0005
Data Management,Jiangtao Cui
Data Management,Byron Choi
Data Management,Shuigeng Zhou
Data Management,Jianliang Xu
Data Management,Huey-Eng Chua
Data Management,Adam Jatowt
Data Management,Boon-Siew Seah
Data Management,Curtis E. Dyreson
Data Management,Lisa Tucker-Kellogg
Data Management,Ba Quan Truong
Data Management,Zhe Fan
Data Management,C. Forbes Dewey Jr.
Data Management,Erwin Leonardi
Data Management,Hanry Yu
Data Management,Kalpdrum Passi
Data Management,Qiankun Zhao
Data Management,Sandeep Prakash
Data Management,Mukesh K. Mohania
Cyber Security,Santanu Sarkar 0001
Information Retrieval,Keke Huang
Information Retrieval,Jing Tang 0004
Information Retrieval,Andrew Lim 0001
Information Retrieval,Jianglei Han
Information Retrieval,Jialong Han
Information Retrieval,Jing Li 0034
Information Retrieval,Lina Yao
Information Retrieval,Shuai Zhang 0007
Information Retrieval,Xin Zheng
Information Retrieval,Yin Leng Theng
Information Retrieval,Surendra Sedhai
Information Retrieval,Ying Liu 0004
Information Retrieval,Meishan Hu
Information Retrieval,Khasfariyati Razikin
Information Retrieval,Dion Hoe-Lian Goh
Information Retrieval,Thi Nhu Quynh Kim
Information Retrieval,Chew-Hung Chang
Information Retrieval,Kalyani Chatterjea
Information Retrieval,Quang Minh Nguyen
Information Retrieval,Hady Wirawan Lauw
Information Retrieval,Ba-Quy Vuong
Information Retrieval,Jun Zhang 0005
Information Retrieval,Yuanyuan Li 0001
HCI,David Sun
HCI,Agustina Ng
HCI,Weiwei Cai
HCI,Hongfei Fan
HCI,Haifeng Shen
HCI,Yuqing Mao
HCI,Steven Xia
HCI,Yang Zheng
HCI,Jingzhi Guo
HCI,Zhonghua Yang
HCI,David Chen 0002
HCI,Kai Lin
HCI,R. Geoff Dromey
HCI,Zhiyi Huang 0001
HCI,Abdul Sattar 0001
HCI,Yun Yang
HCI,Yanchun Zhang
HCI,Xiaohua Jia
AI/ML,You Zhou
AI/ML,Renjie Wan
AI/ML,Boxin Shi
AI/ML,Budhitama Subagdja
AI/ML,Lei Meng
AI/ML,Yilin Kang
AI/ML,Ana Garcia del Molino
AI/ML,Wenwen Wang
AI/ML,Loo-Nin Teow
AI/ML,Jaroslaw Kochanowicz
AI/ML,Liang Feng
AI/ML,Teck-Hou Teng
AI/ML,Janusz A. Starzyk
AI/ML,Yuan-Sin Tan
AI/ML,Dan Xiao
AI/ML,Ghim-Eng Yap
AI/ML,HweeHwa Pang
AI/ML,Yundong Cai
AI/ML,Xing Jiang
AI/ML,Tao Jiang 0011
AI/ML,Hong Pan
Computer Architecture,Linshan Jiang
Computer Architecture,Yingbo Liu
Computer Architecture,Chaojie Gu
Computer Architecture,Peng Cheng 0001
Computer Architecture,Xin Lou
Computer Architecture,David K. Y. Yau
Computer Architecture,Zbigniew T. Kalbarczyk
Computer Architecture,Duc Van Le
Computer Architecture,Rongrong Wang
Computer Architecture,Sreejaya Viswanathan
Computer Architecture,Zhenyu Yan 0002
Computer Architecture,Yang Li
Computer Architecture,Jun Huang
Computer Architecture,Subhash Lakshminarayana
Computer Architecture,Zhan-Teng Teo
Computer Architecture,Qun Song
Computer Architecture,Hoang Hai Nguyen
Computer Architecture,Guoliang Xing
Computer Architecture,Jinzhu Chen
Computer Architecture,Yu Wang 0020
Computer Architecture,Jianxun Wang 0001
Computer Architecture,Xiaobo Tan
Computer Architecture,Xiaorui Wang
Computer Architecture,Zhaohui Yuan
Computer Architecture,Jianping Wang 0001
Distributed Systems,Runtian Ren
Distributed Systems,Lu Zhang 0021
Distributed Systems,Hanying Zheng 0001
Distributed Systems,Hai Van Luu
Distributed Systems,Wang-Chien Lee
Distributed Systems,Samuel T. Chanson
AI/ML,Chaitanya K. Joshi
AI/ML,Thomas Laurent 0001
AI/ML,Federico Monti
AI/ML,Michael M. Bronstein
AI/ML,Michaël Defferrard
AI/ML,Pierre Vandergheynst
AI/ML,Kirell Benzi
AI/ML,Jean-Philippe Thiran
AI/ML,Patric Hagmann
AI/ML,James H. von Brecht
AI/ML,Vassilis Kalofolias
AI/ML,Arthur Szlam
AI/ML,Reto Meuli
AI/ML,Meritxell Bach Cuadra
AI/ML,Virginia Estellers
AI/ML,Tony F. Chan
AI/ML,Dominique Zosso
AI/ML,Stanley J. Osher
AI/ML,Lisa Jonasson
Computer Networks,Wenjie Zhang 0003
Computer Networks,Liwei Yang
Computer Networks,Thi Ngoc Diep Pham
Computer Networks,Da Zhang 0003
Computer Networks,Weihan Goh
Computer Networks,Ing Yann Soon
Computer Networks,Yiqun Yang
AI/ML,Yongqing Zheng
AI/ML,Lizhen Cui
AI/ML,Yang Liu 0165
AI/ML,Zelei Liu
AI/ML,Tianjian Chen
AI/ML,Jindong Wang 0001
AI/ML,Yiqiang Chen
AI/ML,Meiyu Huang
AI/ML,Yuliang Shi
AI/ML,Chang Liu 0040
AI/ML,Yi Dong
AI/ML,Zhanning Gao
AI/ML,Pan Wang
AI/ML,Peiran Ren
AI/ML,Xuansong Xie
AI/ML,Yuan Liu 0002
AI/ML,Zhengxiang Pan
AI/ML,Jun Lin
AI/ML,Siyuan Liu
Computer Vision,Yulei Niu
Computer Vision,Zhiwu Lu
Computer Vision,Shih-Fu Chang
Computer Vision,Yongdong Zhang 0001
Computer Vision,Jianqiang Huang
Computer Vision,Qianru Sun
Computer Vision,Kaihua Tang
Computer Vision,Jiaxin Shi
Computer Vision,Daqing Liu
Computer Vision,Zheng-Jun Zha
Computer Vision,Meng Wang 0001
Computer Vision,Long Chen 0016
Computer Vision,Jun Xiao 0001
Computer Vision,Jingyuan Chen
Computer Vision,Xian-Sheng Hua 0001
Computer Vision,Xiangnan He 0001
Computer Vision,Tat-Seng Chua
Computer Vision,Lei Hou 0001
Computer Vision,Juanzi Li
Computer Vision,Wei Liu 0005
Computer Vision,Mingxing Zhang
Computer Vision,Yang Yang 0002
Computer Vision,Feng Wu 0001
Computer Vision,Richang Hong
Computer Vision,Liqiang Nie
Computer Vision,Fumin Shen
Computer Vision,Yue Gao 0002
Computer Vision,Shuicheng Yan
Computer Vision,Zawlin Kyaw
Computer Vision,Xindi Shang
Computer Vision,Huan-Bo Luan
Computer Vision,Jingwen Bian
AI/ML,Hui Fang 0002
AI/ML,Murat Sensoy
AI/ML,Zhu Sun
AI/ML,Wen Song
AI/ML,Shuo Chen 0006
AI/ML,Chi Xu
AI/ML,Jie Yang 0028
AI/ML,Chong Long
AI/ML,Zehong Hu
AI/ML,Guibing Guo
AI/ML,Donghun Kang
AI/ML,Hui Xi
AI/ML,Xiaoming Li
AI/ML,Athirai Aravazhi Irissappane
AI/ML,Robin Cohen
AI/ML,Alessandro Bozzon
AI/ML,Hongbing Wang
AI/ML,Siwei Jiang
AI/ML,Chang Xu 0003
AI/ML,Frans A. Oliehoek
AI/ML,Thomas T. Tran
AI/ML,Neil Yorke-Smith
AI/ML,Raouf Boutaba
AI/ML,Carol J. Fung
AI/ML,Julita Vassileva
AI/ML,Ali A. Ghorbani 0001
Computer Networks,Lingjuan Lyu
Computer Networks,Quoc-Viet Pham
Computer Networks,Shuyu Shi
Computer Networks,Osman Yagan
Computer Networks,Virgil D. Gligor
Computer Networks,Faruk Yavuz
Computer Graphics,Yuzhe Zhang
Computer Graphics,Yiyu Cai
Computer Graphics,Pradeep Kumar Jayaraman
Computer Graphics,Li Tian
Computer Graphics,Yimin Wang
Computer Graphics,Xiaoqun Wu
Computer Graphics,Thomas W. Sederberg
Computer Graphics,Wenyu Chen
Computer Graphics,Xunnian Yang
Computer Graphics,Hailing Zhou
Computer Graphics,Patricia Chiang
AI/ML,Haifeng Xu
AI/ML,Amos Azaria
AI/ML,Claudia V. Goldman
AI/ML,Sarit Kraus
AI/ML,Hao Zhang 0049
AI/ML,Yong Liu 0020
AI/ML,Hengjie Song
AI/ML,Qiong Wu 0001
AI/ML,Haihong Tang
AI/ML,Zhiwei Zeng
AI/ML,Jing Jih Chin
AI/ML,Hao Wang
AI/ML,Peixiang Zhong
AI/ML,Yuan Miao 0001
AI/ML,Yinan Zhang
AI/ML,Peng Cheng
AI/ML,Wei Wang 0272
AI/ML,Xinjia Yu
AI/ML,Xuehong Tao
AI/ML,Peilin Zhao
AI/ML,Shuji Hao
AI/ML,Xiuyi Fan
AI/ML,Huiguo Zhang
AI/ML,Jian-Ping Mei
AI/ML,Shaohua Li
AI/ML,Jun Zhu 0001
AI/ML,Pengcheng Wu
AI/ML,Jianshu Weng
AI/ML,Xiaogang Han
AI/ML,Ailiya Borjigin
AI/ML,Sufang Lim
AI/ML,Xudong Luo
AI/ML,Angela Goh
AI/ML,Guopeng Zhao
AI/ML,Robert Kheng Leng Gay
Computer Architecture,Kratika Garg
Computer Architecture,Deshya Wijesundera
Computer Architecture,Thilina Perera
Computer Architecture,George Rosario Jagadeesh
Computer Architecture,Vijeta Rathore
Computer Architecture,Vivek Chaturvedi
Computer Architecture,Amit Kumar Singh
Computer Architecture,Supriya Sathyanarayana
Computer Architecture,Ravi Kumar Satzoda
Computer Architecture,Suchitra Sathyanarayana
Computer Architecture,Kalindu Herath
Computer Architecture,Pramod Kumar Meher
Computer Architecture,Basant Kumar Mohanty
Computer Architecture,Sharad Sinha
Computer Architecture,Amit Kumar Singh 0002
Computer Architecture,Akash Kumar 0001
Computer Architecture,Abhijit Ray
Computer Architecture,Bin Cao
Computer Architecture,Chip-Hong Chang
Computer Architecture,Hui Tian
Computer Architecture,Kugan Vivekanandarajah
Computer Architecture,Saurav Bhattacharyya
Computer Architecture,Gurdeep S. Hura
Computer Architecture,Vijayan K. Asari
AI/ML,Haibo He
AI/ML,Julian Togelius
AI/ML,Yaochu Jin
AI/ML,Abhishek Gupta 0001
AI/ML,Jon Garibaldi
AI/ML,Kay Chen Tan
AI/ML,Tiantian He
AI/ML,Weiwei Liu 0003
AI/ML,Xiaobo Shen 0001
AI/ML,Alvin Chan
AI/ML,Ahmed Kattan
AI/ML,Bingshui Da
AI/ML,Meng-Hiot Lim
AI/ML,Alex Kai Qin
AI/ML,Chi Keong Goh
AI/ML,Allan NengSheng Zhang
AI/ML,Yaqing Hou
AI/ML,Zexuan Zhu
AI/ML,Rohitash Chandra
AI/ML,Chi-Keong Goh
AI/ML,Graham Kendall
AI/ML,Chen Kim Heng
AI/ML,Jing Tang 0001
AI/ML,Dudy Lim
AI/ML,Steven M. Gustafson
AI/ML,Xianshun Chen
AI/ML,Quoc Chinh Nguyen
AI/ML,Natalio Krasnogor
AI/ML,Mostafa Mostafa Hashim Ellabaan
AI/ML,Minh Nghia Le
AI/ML,Bernhard Sendhoff
AI/ML,Chun-Wei Seah
AI/ML,Quang Huy Nguyen 0001
AI/ML,Zongzhao Zhou
AI/ML,Shaojing Fan
AI/ML,Mohan S. Kankanhalli
Multimedia,Yong Luo 0002
Multimedia,Dacheng Tao
Multimedia,Guanyu Gao
Multimedia,Peng Sun 0006
Multimedia,Yuanlong Li
Multimedia,Kyle Guan
Multimedia,Huaizheng Zhang
Multimedia,Linsen Dong
Multimedia,Xin Zhou 0003
Multimedia,Rui Fan 0004
Multimedia,Tongliang Liu
Multimedia,Jianxiong Yin
Multimedia,Yichao Jin
Multimedia,Yew-Wah Wong
Multimedia,Weizheng Hu
Multimedia,Cédric Westphal
Multimedia,Xinwen Zhang
Multimedia,Zongqing Lu
Multimedia,Chang Xu 0002
Multimedia,Chao Xu 0006
Multimedia,Haiyong Xie 0001
Multimedia,Weiwen Zhang
Multimedia,Zhi Wang 0001
Multimedia,Wenwu Zhu 0001
Multimedia,Di Wu 0001
Multimedia,Xuelong Li
Multimedia,Guohong Cao
Multimedia,Dapeng Oliver Wu
Multimedia,Ming Liu 0002
Multimedia,Jian He
Multimedia,Zuqing Zhu
Multimedia,Vincent W. S. Chan
Cyber Security,Shangwei Guo
Cyber Security,Lei Zhang 0079
Cyber Security,Huayan Zhang
Cyber Security,Yoshihiko Nakamura
Cyber Security,Han Qiu 0001
Cyber Security,Zecheng He
Cyber Security,Ruby B. Lee
Cyber Security,Yinqian Zhang
Cyber Security,Hong Liu 0008
AI/ML,Yurong Cheng
AI/ML,Ye Yuan 0001
AI/ML,Guoren Wang
AI/ML,Chih-Yung Wen
AI/ML,Leonid Sigal
AI/ML,Yanwei Fu
AI/ML,Yu-Gang Jiang
AI/ML,Changhao Chenli
AI/ML,Taeho Jung
AI/ML,Yiyu Shi
AI/ML,Denys Poshyvanyk
AI/ML,Mark O. Riedl
AI/ML,Jinglu Hu
Computer Vision,Philip S. Yu
Computer Vision,Haiyun Guo
Computer Vision,Jinqiao Wang
Computer Vision,Stephen Guo
Computer Vision,Kannan Achan
AI/ML,Jie Fu
AI/ML,Jung-jae Kim
